label,label_animal,timestamp,animal_id,progresion,temperatura_corporal_prom,hubo_rumia,frec_cardiaca_prom,rmssd,sdnn,hubo_vocalizacion,latitud,longitud,metros_recorridos,velocidad_movimiento_prom
sana,clinica,2025-06-01 06:00:00,BOV_019,0.0,37.75,0,58.2,43.7,62.8,0,-34.569287,-60.961416,84.2,1.01
sana,sana,2025-06-01 06:50:00,BOV_007,0.0,38.81,1,55.0,44.0,59.5,0,-34.524695,-60.970636,139.2,1.67
sana,sana,2025-06-01 06:55:00,BOV_011,0.0,38.71,1,75.2,42.5,61.5,0,-34.664737,-60.883302,141.7,1.7
sana,clinica,2025-06-01 07:20:00,BOV_020,0.0,39.21,1,70.8,40.0,56.1,0,-34.545969,-60.896547,110.8,1.33
sana,sana,2025-06-01 07:35:00,BOV_001,0.0,39.91,1,66.6,26.8,36.3,1,-34.623777,-60.854384,135.0,1.62
sana,clinica,2025-06-01 09:05:00,BOV_020,0.01,38.38,1,47.7,29.0,32.7,0,-34.545965,-60.896549,186.7,2.24
sana,sana,2025-06-01 09:25:00,BOV_003,0.0,39.26,1,71.0,39.6,51.7,0,-34.598026,-60.868769,57.5,0.69
sana,clinica,2025-06-01 09:35:00,BOV_018,0.0114,39.25,0,66.8,29.6,35.5,0,-34.551875,-60.878546,88.3,1.06
sana,sana,2025-06-01 10:25:00,BOV_005,0.0,38.26,1,70.9,47.3,56.2,0,-34.54507,-60.881936,113.3,1.36
sana,subclinica,2025-06-01 10:50:00,BOV_017,0.0,38.3,0,61.4,45.7,62.3,0,-34.593098,-60.944477,154.2,1.85
sana,sana,2025-06-01 10:55:00,BOV_001,0.0,39.25,1,71.8,32.7,40.7,0,-34.623773,-60.854387,221.7,2.66
sana,sana,2025-06-01 11:30:00,BOV_007,0.0,39.03,0,69.5,39.9,57.0,0,-34.524692,-60.970629,135.8,1.63
sana,subclinica,2025-06-01 11:40:00,BOV_016,0.0,38.12,1,69.1,32.6,37.6,0,-34.644487,-60.874305,0.0,0.0
sana,subclinica,2025-06-01 11:45:00,BOV_015,0.0,38.72,1,63.6,32.0,39.0,0,-34.565777,-60.969471,106.7,1.28
sana,clinica,2025-06-01 12:05:00,BOV_019,0.0168,39.02,0,62.1,40.4,47.7,0,-34.569283,-60.96142,23.3,0.28
sana,clinica,2025-06-01 12:20:00,BOV_018,0.0195,38.15,0,54.2,30.8,38.6,0,-34.551871,-60.878545,161.7,1.94
sana,sana,2025-06-01 12:45:00,BOV_007,0.0,39.19,1,58.2,34.2,49.1,0,-34.524691,-60.970629,23.3,0.28
sana,clinica,2025-06-01 14:10:00,BOV_018,0.0279,39.12,0,71.6,32.0,42.9,0,-34.551869,-60.878544,101.7,1.22
sana,sana,2025-06-01 14:25:00,BOV_001,0.0,39.26,1,76.0,37.0,52.9,0,-34.62378,-60.85439,25.8,0.31
sana,sana,2025-06-01 14:50:00,BOV_013,0.0,38.86,1,55.7,27.3,31.8,0,-34.649694,-60.918309,159.2,1.91
sana,sana,2025-06-01 15:00:00,BOV_003,0.0,38.23,1,70.8,35.8,46.7,0,-34.598018,-60.868765,111.7,1.34
sana,subclinica,2025-06-01 15:05:00,BOV_016,0.0083,38.65,1,66.9,44.7,58.7,0,-34.644487,-60.874307,127.5,1.53
sana,clinica,2025-06-01 15:15:00,BOV_018,0.0344,39.56,0,79.7,42.5,58.0,0,-34.551866,-60.878545,71.7,0.86
sana,sana,2025-06-01 15:25:00,BOV_009,0.0,38.43,1,70.6,45.1,58.4,0,-34.637724,-60.96406,182.5,2.19
sana,sana,2025-06-01 15:35:00,BOV_005,0.0,38.6,1,63.6,27.9,36.6,0,-34.545069,-60.881938,191.7,2.3
sana,sana,2025-06-01 16:15:00,BOV_001,0.0,39.04,0,67.3,47.4,59.4,0,-34.623774,-60.854389,170.8,2.05
sana,clinica,2025-06-01 16:35:00,BOV_018,0.0445,39.01,0,49.9,15.0,18.8,0,-34.551869,-60.878545,107.5,1.29
sana,sana,2025-06-01 16:35:00,BOV_006,0.0,39.03,1,62.4,32.2,45.2,0,-34.636865,-60.856117,176.7,2.12
sana,sana,2025-06-01 16:45:00,BOV_013,0.0,38.47,1,55.3,40.3,54.0,0,-34.649694,-60.918307,69.2,0.83
sana,sana,2025-06-01 16:50:00,BOV_008,0.0,39.14,1,62.3,38.0,45.5,0,-34.635678,-60.89467,137.5,1.65
sana,sana,2025-06-01 17:30:00,BOV_013,0.0,38.47,1,61.2,59.4,84.6,0,-34.64969,-60.918309,109.2,1.31
sana,sana,2025-06-01 17:30:00,BOV_002,0.0,38.11,1,74.9,44.7,64.7,1,-34.584639,-60.983506,190.0,2.28
sana,clinica,2025-06-01 17:55:00,BOV_018,0.0573,39.34,1,72.1,41.3,49.4,0,-34.55187,-60.878544,157.5,1.89
sana,clinica,2025-06-01 18:05:00,BOV_020,0.0573,38.91,1,69.7,51.1,71.3,1,-34.54596,-60.89656,238.3,2.86
sana,sana,2025-06-01 18:50:00,BOV_011,0.0,39.63,0,83.0,43.1,49.7,0,-34.66474,-60.883302,223.3,2.68
sana,sana,2025-06-01 18:55:00,BOV_006,0.0,38.19,1,63.5,42.0,48.8,0,-34.636864,-60.856119,25.8,0.31
sana,clinica,2025-06-01 19:05:00,BOV_019,0.065,38.57,1,68.6,47.2,52.3,1,-34.569283,-60.961424,100.0,1.2
sana,sana,2025-06-01 19:15:00,BOV_002,0.0,39.01,0,72.1,42.1,52.7,0,-34.584637,-60.983507,240.0,2.88
sana,sana,2025-06-01 20:05:00,BOV_001,0.0,37.99,1,82.9,40.2,49.1,0,-34.623771,-60.854387,105.8,1.27
sana,sana,2025-06-01 20:25:00,BOV_009,0.0,38.21,1,70.5,48.5,68.9,0,-34.637721,-60.964064,179.2,2.15
sana,sana,2025-06-01 20:35:00,BOV_002,0.0,38.6,0,85.5,12.2,14.3,0,-34.584636,-60.983507,40.0,0.48
sana,sana,2025-06-01 20:50:00,BOV_002,0.0,38.83,0,82.8,29.9,35.7,0,-34.584637,-60.983509,0.0,0.0
sana,sana,2025-06-01 20:55:00,BOV_011,0.0,38.99,0,71.4,43.2,50.8,0,-34.664734,-60.883307,115.0,1.38
sana,subclinica,2025-06-01 21:40:00,BOV_015,0.0452,38.05,1,70.2,48.7,70.2,0,-34.56577,-60.96947,107.5,1.29
sana,sana,2025-06-01 21:40:00,BOV_009,0.0,38.4,0,67.6,48.2,59.7,0,-34.637719,-60.964067,139.2,1.67
sana,clinica,2025-06-01 22:00:00,BOV_018,0.121,38.78,0,56.9,27.8,32.6,0,-34.551871,-60.878544,178.3,2.14
sana,sana,2025-06-01 22:20:00,BOV_008,0.0,37.62,1,65.4,54.7,77.3,0,-34.635676,-60.894676,155.0,1.86
sana,sana,2025-06-01 22:20:00,BOV_004,0.0,38.4,0,73.6,50.7,59.2,0,-34.586047,-60.882204,30.0,0.36
sana,sana,2025-06-01 22:20:00,BOV_005,0.0,38.63,1,68.9,41.4,55.5,0,-34.545072,-60.881941,62.5,0.75
sana,clinica,2025-06-01 22:30:00,BOV_018,0.132,39.19,0,77.6,42.9,48.2,0,-34.551872,-60.878545,17.5,0.21
sana,sana,2025-06-01 22:50:00,BOV_014,0.0,38.27,0,58.2,41.5,46.5,0,-34.656229,-60.897264,82.5,0.99
sana,sana,2025-06-01 23:10:00,BOV_011,0.0,38.12,0,72.4,46.8,59.6,0,-34.66473,-60.88331,259.2,3.11
sana,sana,2025-06-02 00:25:00,BOV_012,0.0,38.12,1,59.0,29.8,41.4,1,-34.604453,-60.93866,130.8,1.57
sana,sana,2025-06-02 00:40:00,BOV_010,0.0,38.3,0,77.4,47.9,53.8,0,-34.651102,-60.992746,145.8,1.75
sana,subclinica,2025-06-02 01:05:00,BOV_017,0.063,38.32,1,67.5,54.2,60.2,0,-34.593097,-60.944481,124.2,1.49
sana,subclinica,2025-06-02 01:10:00,BOV_015,0.0871,39.15,0,72.5,21.2,28.3,1,-34.565769,-60.969472,0.0,0.0
sana,sana,2025-06-02 01:15:00,BOV_014,0.0,38.49,1,74.9,43.9,56.4,0,-34.656228,-60.897264,176.7,2.12
sana,sana,2025-06-02 02:20:00,BOV_006,0.0,37.92,1,83.3,40.5,53.9,0,-34.636861,-60.856124,122.5,1.47
sana,sana,2025-06-02 02:35:00,BOV_007,0.0,38.38,1,55.5,44.3,50.2,0,-34.524691,-60.970633,75.8,0.91
sana,sana,2025-06-02 03:20:00,BOV_003,0.0,38.66,1,63.1,26.8,36.9,0,-34.598016,-60.868772,85.8,1.03
sana,sana,2025-06-02 04:05:00,BOV_004,0.0,37.51,0,64.5,51.0,59.6,0,-34.586043,-60.882206,88.3,1.06
sana,sana,2025-06-02 04:50:00,BOV_003,0.0,38.37,1,71.6,36.9,50.8,0,-34.598016,-60.868774,0.0,0.0
sana,sana,2025-06-02 07:00:00,BOV_014,0.0,38.46,1,74.4,37.7,50.4,0,-34.656225,-60.897269,50.8,0.61
sana,sana,2025-06-02 07:10:00,BOV_002,0.0,38.79,0,78.4,37.4,51.7,0,-34.58464,-60.983511,67.5,0.81
subclinica,subclinica,2025-06-02 07:10:00,BOV_016,0.1727,39.49,0,71.9,33.4,43.1,0,-34.644497,-60.874314,127.5,1.53
subclinica,subclinica,2025-06-02 07:15:00,BOV_017,0.1874,39.05,1,57.8,26.0,37.4,0,-34.593089,-60.94448,140.0,1.68
sana,sana,2025-06-02 07:50:00,BOV_012,0.0,38.45,1,69.9,37.6,48.6,0,-34.604454,-60.938651,100.0,1.2
sana,sana,2025-06-02 08:05:00,BOV_005,0.0,39.41,1,74.3,40.1,58.1,0,-34.545073,-60.88195,170.8,2.05
subclinica,subclinica,2025-06-02 08:10:00,BOV_015,0.2789,39.35,0,68.9,33.5,37.7,1,-34.56577,-60.969477,199.2,2.39
subclinica,subclinica,2025-06-02 08:30:00,BOV_016,0.2142,39.41,0,72.3,43.2,61.7,0,-34.644492,-60.874314,70.0,0.84
sana,sana,2025-06-02 08:50:00,BOV_013,0.0,38.6,1,63.2,35.9,45.9,0,-34.64969,-60.918313,168.3,2.02
sana,sana,2025-06-02 08:50:00,BOV_009,0.0,38.89,1,62.4,39.6,51.8,0,-34.637722,-60.964069,90.8,1.09
subclinica,subclinica,2025-06-02 09:30:00,BOV_016,0.2497,39.52,0,73.2,33.7,46.3,0,-34.644492,-60.874315,53.3,0.64
sana,sana,2025-06-02 09:45:00,BOV_009,0.0,38.57,1,69.7,48.5,60.9,0,-34.637722,-60.964066,50.8,0.61
sana,sana,2025-06-02 09:45:00,BOV_011,0.0,39.07,0,55.5,39.1,52.1,0,-34.664735,-60.88331,45.8,0.55
sana,sana,2025-06-02 11:45:00,BOV_003,0.0,39.04,0,72.3,43.4,59.4,0,-34.598015,-60.868783,25.8,0.31
subclinica,subclinica,2025-06-02 11:50:00,BOV_016,0.3468,39.26,0,76.0,40.9,47.9,0,-34.644489,-60.874314,115.8,1.39
sana,sana,2025-06-02 11:55:00,BOV_011,0.0,38.67,1,67.2,47.3,66.2,0,-34.664733,-60.88331,123.3,1.48
sana,sana,2025-06-02 11:55:00,BOV_006,0.0,38.37,0,68.6,50.3,63.4,0,-34.636857,-60.856127,62.5,0.75
sana,sana,2025-06-02 12:05:00,BOV_001,0.0,38.05,1,73.8,42.3,59.9,0,-34.623767,-60.854393,44.2,0.53
sana,sana,2025-06-02 12:15:00,BOV_013,0.0,38.33,0,62.0,27.1,36.8,0,-34.649689,-60.91831,21.7,0.26
sana,sana,2025-06-02 12:30:00,BOV_010,0.0,39.67,1,61.9,50.3,70.9,0,-34.651101,-60.992737,82.5,0.99
clinica,clinica,2025-06-02 13:10:00,BOV_020,0.7343,39.57,0,67.8,28.5,33.3,0,-34.545975,-60.896563,80.8,0.97
sana,sana,2025-06-02 13:20:00,BOV_004,0.0,39.05,0,60.6,45.4,52.9,0,-34.58604,-60.882204,60.0,0.72
sana,sana,2025-06-02 13:30:00,BOV_007,0.0,39.32,0,69.1,26.9,30.3,0,-34.524686,-60.970631,39.2,0.47
sana,sana,2025-06-02 14:25:00,BOV_010,0.0,38.14,1,65.3,32.6,46.0,0,-34.651103,-60.992738,98.3,1.18
sana,sana,2025-06-02 14:40:00,BOV_012,0.0,38.37,0,72.2,37.4,44.3,0,-34.604459,-60.938639,76.7,0.92
sana,sana,2025-06-02 14:40:00,BOV_005,0.0,39.39,1,73.9,38.8,53.9,0,-34.54507,-60.881951,105.8,1.27
sana,sana,2025-06-02 15:10:00,BOV_012,0.0,38.94,1,56.7,36.6,46.0,0,-34.604458,-60.938638,111.7,1.34
sana,sana,2025-06-02 15:20:00,BOV_012,0.0,39.08,0,64.6,33.2,43.4,0,-34.604458,-60.938639,55.0,0.66
sana,sana,2025-06-02 16:20:00,BOV_003,0.0,38.29,0,55.9,47.7,65.8,0,-34.598015,-60.868785,165.0,1.98
sana,sana,2025-06-02 16:20:00,BOV_009,0.0,37.75,1,65.5,31.3,35.8,0,-34.637717,-60.964065,188.3,2.26
sana,sana,2025-06-02 17:20:00,BOV_001,0.0,38.83,1,55.5,45.3,57.5,0,-34.623768,-60.854404,98.3,1.18
sana,sana,2025-06-02 17:50:00,BOV_006,0.0,39.26,0,70.5,34.5,49.5,0,-34.636864,-60.856129,176.7,2.12
subclinica,subclinica,2025-06-02 17:55:00,BOV_015,0.55,39.77,0,74.9,8.1,9.2,0,-34.565765,-60.969475,196.7,2.36
clinica,clinica,2025-06-02 17:55:00,BOV_018,0.8808,40.89,0,78.6,27.8,35.8,0,-34.55188,-60.878532,93.3,1.12
subclinica,subclinica,2025-06-02 18:20:00,BOV_016,0.55,40.01,0,75.8,26.9,38.9,1,-34.644478,-60.874312,99.2,1.19
sana,sana,2025-06-02 18:30:00,BOV_002,0.0,38.08,1,83.2,46.8,58.3,1,-34.584647,-60.983511,166.7,2.0
sana,sana,2025-06-02 18:50:00,BOV_006,0.0,37.83,1,55.6,39.8,50.1,0,-34.636863,-60.856126,95.8,1.15
sana,sana,2025-06-02 18:50:00,BOV_008,0.0,38.51,1,63.6,33.6,40.9,0,-34.635663,-60.894675,48.3,0.58
subclinica,subclinica,2025-06-02 19:10:00,BOV_015,0.55,39.73,0,63.8,38.8,49.5,0,-34.565765,-60.969475,125.0,1.5
sana,sana,2025-06-02 20:10:00,BOV_007,0.0,38.63,1,74.9,12.2,16.0,0,-34.524686,-60.970631,45.0,0.54
sana,sana,2025-06-02 20:20:00,BOV_009,0.0,39.08,0,54.3,45.5,56.8,0,-34.637716,-60.964065,175.0,2.1
sana,sana,2025-06-02 20:25:00,BOV_014,0.0,39.02,1,63.1,52.6,71.6,0,-34.656226,-60.897265,50.8,0.61
sana,sana,2025-06-02 21:30:00,BOV_010,0.0,38.86,1,64.4,47.9,62.4,0,-34.651099,-60.992738,0.0,0.0
subclinica,subclinica,2025-06-02 22:15:00,BOV_015,0.55,39.51,0,73.8,46.8,63.9,0,-34.565767,-60.969478,0.0,0.0
sana,sana,2025-06-02 22:25:00,BOV_001,0.0,38.54,1,64.0,40.9,56.4,0,-34.623761,-60.854407,128.3,1.54
subclinica,subclinica,2025-06-02 22:35:00,BOV_017,0.55,38.8,0,100.8,26.2,31.7,0,-34.593098,-60.944484,76.7,0.92
sana,sana,2025-06-02 22:55:00,BOV_002,0.0,38.44,1,61.0,40.7,48.8,0,-34.584645,-60.983511,128.3,1.54
sana,sana,2025-06-02 23:05:00,BOV_014,0.0,38.15,1,65.8,40.2,46.3,0,-34.656228,-60.897266,85.8,1.03
sana,sana,2025-06-02 23:10:00,BOV_002,0.0,38.99,0,43.6,40.3,48.9,0,-34.584645,-60.983511,99.2,1.19
sana,sana,2025-06-02 23:25:00,BOV_013,0.0,37.62,1,53.8,31.4,44.9,0,-34.64968,-60.918318,4.2,0.05
sana,sana,2025-06-02 23:30:00,BOV_004,0.0,37.9,1,60.8,61.4,75.9,0,-34.586044,-60.882213,70.0,0.84
clinica,clinica,2025-06-02 23:45:00,BOV_018,0.9596,41.32,0,56.0,40.1,52.3,0,-34.551884,-60.878535,86.7,1.04
sana,sana,2025-06-03 00:15:00,BOV_007,0.0,38.73,0,65.4,60.3,75.6,1,-34.524689,-60.970631,23.3,0.28
sana,sana,2025-06-03 00:45:00,BOV_008,0.0,39.25,0,57.1,37.9,43.1,0,-34.635654,-60.894675,13.3,0.16
sana,sana,2025-06-03 01:00:00,BOV_004,0.0,38.56,1,61.9,35.4,39.1,0,-34.586042,-60.882213,66.7,0.8
sana,sana,2025-06-03 01:05:00,BOV_011,0.0,38.64,0,62.7,45.6,60.4,0,-34.664739,-60.88331,146.7,1.76
sana,sana,2025-06-03 01:30:00,BOV_005,0.0,38.62,1,67.2,60.2,81.5,0,-34.545068,-60.881957,52.5,0.63
sana,sana,2025-06-03 01:35:00,BOV_004,0.0,37.65,1,74.3,52.8,58.5,0,-34.586042,-60.882214,124.2,1.49
clinica,clinica,2025-06-03 01:35:00,BOV_019,0.9687,41.35,0,85.8,20.5,29.7,1,-34.569271,-60.961415,0.0,0.0
sana,sana,2025-06-03 02:10:00,BOV_014,0.0,38.47,1,77.2,53.9,72.8,0,-34.656229,-60.897272,121.7,1.46
sana,sana,2025-06-03 02:25:00,BOV_011,0.0,38.21,1,51.1,45.3,63.0,0,-34.664739,-60.883307,8.3,0.1
clinica,clinica,2025-06-03 02:55:00,BOV_018,0.9781,41.02,0,93.3,4.0,5.1,0,-34.551883,-60.878539,0.0,0.0
sana,sana,2025-06-03 03:05:00,BOV_010,0.0,38.62,1,66.6,31.2,38.0,0,-34.651091,-60.992733,89.2,1.07
sana,sana,2025-06-03 03:10:00,BOV_006,0.0,38.59,0,57.4,39.1,48.7,0,-34.636859,-60.856122,107.5,1.29
sana,sana,2025-06-03 03:50:00,BOV_007,0.0,38.17,1,59.1,42.8,52.3,0,-34.524686,-60.970634,0.0,0.0
sana,sana,2025-06-03 04:05:00,BOV_008,0.0,38.71,0,51.6,43.3,55.4,0,-34.635656,-60.894677,60.0,0.72
sana,sana,2025-06-03 04:10:00,BOV_014,0.0,38.77,1,56.9,36.8,46.0,0,-34.656228,-60.897271,116.7,1.4
sana,sana,2025-06-03 04:40:00,BOV_006,0.0,38.9,1,72.2,44.4,60.3,0,-34.636859,-60.856122,89.2,1.07
clinica,clinica,2025-06-03 05:25:00,BOV_020,0.9862,40.05,0,90.7,17.8,21.5,0,-34.545972,-60.896556,85.8,1.03
sana,sana,2025-06-03 05:55:00,BOV_005,0.0,39.31,0,66.9,57.8,70.9,0,-34.545069,-60.881957,97.5,1.17
subclinica,subclinica,2025-06-03 06:00:00,BOV_016,0.55,40.13,0,76.0,4.0,5.4,0,-34.644484,-60.874311,87.5,1.05
sana,sana,2025-06-03 06:05:00,BOV_002,0.0,38.35,1,54.2,35.9,48.5,0,-34.584639,-60.983506,100.0,1.2
sana,sana,2025-06-03 06:40:00,BOV_005,0.0,37.9,1,76.0,28.8,38.0,0,-34.54507,-60.881959,166.7,2.0
sana,sana,2025-06-03 06:40:00,BOV_008,0.0,38.97,1,59.3,25.7,36.0,0,-34.635657,-60.894679,178.3,2.14
clinica,clinica,2025-06-03 07:15:00,BOV_020,0.9904,40.17,0,90.0,16.1,18.9,0,-34.545973,-60.896557,49.2,0.59
sana,sana,2025-06-03 07:45:00,BOV_010,0.0,39.11,1,63.7,40.9,53.9,0,-34.651093,-60.992734,69.2,0.83
subclinica,subclinica,2025-06-03 07:45:00,BOV_016,0.55,39.37,0,86.1,56.1,75.8,0,-34.644484,-60.874312,130.8,1.57
sana,sana,2025-06-03 08:10:00,BOV_005,0.0,38.9,0,64.4,42.6,56.2,0,-34.545071,-60.88196,105.0,1.26
clinica,clinica,2025-06-03 08:55:00,BOV_018,0.9933,40.1,0,97.3,33.7,44.1,0,-34.551884,-60.878539,29.2,0.35
sana,sana,2025-06-03 09:05:00,BOV_012,0.0,38.22,0,65.2,34.5,44.8,0,-34.604458,-60.938653,55.8,0.67
sana,sana,2025-06-03 09:30:00,BOV_005,0.0,38.23,1,73.2,38.4,53.4,0,-34.54507,-60.881958,186.7,2.24
sana,sana,2025-06-03 09:45:00,BOV_001,0.0,38.63,1,73.5,23.5,27.3,0,-34.623757,-60.854402,114.2,1.37
clinica,clinica,2025-06-03 09:55:00,BOV_018,0.9945,40.44,0,92.8,4.0,5.8,0,-34.551885,-60.878538,0.0,0.0
sana,sana,2025-06-03 10:25:00,BOV_002,0.0,38.56,0,65.8,26.4,31.6,0,-34.584646,-60.983504,121.7,1.46
subclinica,subclinica,2025-06-03 10:45:00,BOV_016,0.55,39.92,0,71.9,19.6,22.7,1,-34.644486,-60.874307,0.0,0.0
sana,sana,2025-06-03 11:40:00,BOV_008,0.0,37.91,0,60.2,44.1,63.1,0,-34.63566,-60.894679,22.5,0.27
sana,sana,2025-06-03 11:45:00,BOV_008,0.0,38.57,0,64.6,47.2,65.5,0,-34.635661,-60.89468,78.3,0.94
sana,sana,2025-06-03 11:55:00,BOV_014,0.0,39.36,1,67.6,46.4,66.7,0,-34.656221,-60.897275,148.3,1.78
sana,sana,2025-06-03 11:55:00,BOV_008,0.0,38.08,1,64.0,41.4,54.0,0,-34.635659,-60.894682,110.0,1.32
sana,sana,2025-06-03 12:20:00,BOV_011,0.0,38.69,0,67.4,50.1,64.3,0,-34.664737,-60.883301,149.2,1.79
sana,sana,2025-06-03 12:30:00,BOV_012,0.0,38.36,1,70.6,24.0,27.0,1,-34.604462,-60.938652,5.0,0.06
subclinica,subclinica,2025-06-03 12:40:00,BOV_015,0.55,39.09,0,88.0,26.1,31.2,0,-34.565763,-60.969472,110.8,1.33
sana,sana,2025-06-03 12:50:00,BOV_002,0.0,38.56,0,70.0,39.0,52.8,0,-34.584647,-60.983506,0.0,0.0
sana,sana,2025-06-03 13:10:00,BOV_012,0.0,38.28,1,53.5,34.0,40.0,0,-34.604464,-60.938655,3.3,0.04
sana,sana,2025-06-03 13:15:00,BOV_006,0.0,39.02,1,65.0,38.6,48.0,0,-34.636863,-60.856116,128.3,1.54
sana,sana,2025-06-03 13:35:00,BOV_014,0.0,39.06,1,58.8,54.4,68.4,0,-34.656219,-60.897275,105.8,1.27
sana,sana,2025-06-03 14:25:00,BOV_008,0.0,39.32,0,79.8,48.1,56.0,0,-34.635658,-60.894681,67.5,0.81
subclinica,subclinica,2025-06-03 14:55:00,BOV_017,0.55,39.92,0,84.8,11.5,15.4,0,-34.593102,-60.944475,153.3,1.84
sana,sana,2025-06-03 15:05:00,BOV_012,0.0,38.19,1,71.2,51.7,64.9,0,-34.604461,-60.938649,197.5,2.37
sana,sana,2025-06-03 15:35:00,BOV_009,0.0,38.68,0,70.2,31.9,38.4,0,-34.63773,-60.964073,15.0,0.18
sana,sana,2025-06-03 15:55:00,BOV_006,0.0,37.8,1,70.8,31.7,45.0,0,-34.636865,-60.856114,173.3,2.08
sana,sana,2025-06-03 16:20:00,BOV_005,0.0,39.01,1,64.5,40.5,55.4,1,-34.54507,-60.881963,196.7,2.36
sana,sana,2025-06-03 16:25:00,BOV_009,0.0,38.16,0,57.3,45.4,51.0,0,-34.637728,-60.964072,180.0,2.16
sana,sana,2025-06-03 16:30:00,BOV_006,0.0,38.27,1,56.3,34.4,49.6,0,-34.636865,-60.856115,71.7,0.86
sana,sana,2025-06-03 16:45:00,BOV_013,0.0,38.4,1,69.0,51.8,61.0,0,-34.649673,-60.918317,65.0,0.78
sana,sana,2025-06-03 17:00:00,BOV_001,0.0,38.75,1,70.6,34.4,49.8,0,-34.623754,-60.854395,32.5,0.39
sana,sana,2025-06-03 17:10:00,BOV_005,0.0,38.4,0,74.8,35.7,48.5,1,-34.545069,-60.881961,160.8,1.93
sana,sana,2025-06-03 17:20:00,BOV_005,0.0,38.92,0,73.8,40.6,46.4,0,-34.545069,-60.881962,104.2,1.25
sana,sana,2025-06-03 17:30:00,BOV_008,0.0,39.32,0,73.3,52.6,66.7,0,-34.63566,-60.894686,116.7,1.4
subclinica,subclinica,2025-06-03 18:15:00,BOV_017,0.55,39.59,0,99.6,25.2,30.5,0,-34.593102,-60.944473,108.3,1.3
sana,sana,2025-06-03 18:30:00,BOV_007,0.0,38.48,0,66.4,29.7,38.3,0,-34.524678,-60.970625,185.0,2.22
sana,sana,2025-06-03 19:05:00,BOV_001,0.0,38.22,1,58.2,37.1,45.1,0,-34.623752,-60.854398,134.2,1.61
sana,sana,2025-06-03 19:55:00,BOV_007,0.0,39.38,0,69.9,32.2,43.6,0,-34.524678,-60.970621,91.7,1.1
sana,sana,2025-06-03 20:15:00,BOV_010,0.0,38.38,1,55.7,46.6,54.7,0,-34.651098,-60.992729,71.7,0.86
sana,sana,2025-06-03 20:20:00,BOV_012,0.0,38.5,1,82.3,26.8,34.2,0,-34.604463,-60.938652,96.7,1.16
sana,sana,2025-06-03 20:20:00,BOV_014,0.0,37.71,0,70.1,47.1,57.6,0,-34.656219,-60.897272,34.2,0.41
sana,sana,2025-06-03 20:30:00,BOV_003,0.0,38.56,1,72.7,47.3,65.7,0,-34.598018,-60.86879,131.7,1.58
sana,sana,2025-06-03 20:30:00,BOV_012,0.0,38.94,1,72.0,38.7,49.2,0,-34.604463,-60.938651,134.2,1.61
subclinica,subclinica,2025-06-03 20:50:00,BOV_016,0.55,39.83,1,79.9,18.8,25.0,0,-34.644479,-60.874307,0.0,0.0
sana,sana,2025-06-03 20:55:00,BOV_003,0.0,38.09,1,61.2,19.9,25.7,0,-34.598018,-60.868792,122.5,1.47
sana,sana,2025-06-03 21:20:00,BOV_008,0.0,37.43,0,59.2,35.9,41.5,0,-34.635658,-60.894689,83.3,1.0
sana,sana,2025-06-03 22:10:00,BOV_010,0.0,38.06,1,66.4,43.1,52.6,0,-34.651101,-60.992732,75.0,0.9
sana,sana,2025-06-03 22:40:00,BOV_007,0.0,38.29,1,54.8,50.1,61.6,0,-34.524671,-60.970618,72.5,0.87
sana,sana,2025-06-03 23:15:00,BOV_009,0.0,38.89,0,68.6,33.6,45.1,0,-34.637716,-60.964075,15.0,0.18
clinica,clinica,2025-06-03 23:30:00,BOV_019,0.9996,40.84,0,89.9,16.4,22.5,0,-34.569268,-60.961414,84.2,1.01
subclinica,subclinica,2025-06-04 00:35:00,BOV_015,0.55,38.75,0,82.3,17.0,18.8,0,-34.565759,-60.969482,92.5,1.11
subclinica,subclinica,2025-06-04 00:45:00,BOV_015,0.55,39.73,1,67.9,31.1,35.7,1,-34.56576,-60.969482,111.7,1.34
sana,sana,2025-06-04 00:50:00,BOV_012,0.0,38.08,1,71.0,27.8,31.3,0,-34.604461,-60.938651,120.8,1.45
sana,sana,2025-06-04 01:40:00,BOV_011,0.0,38.33,1,78.5,36.1,43.6,0,-34.664746,-60.883302,136.7,1.64
sana,sana,2025-06-04 02:50:00,BOV_013,0.0,38.9,0,63.6,36.2,42.2,0,-34.649672,-60.91832,3.3,0.04
subclinica,subclinica,2025-06-04 02:55:00,BOV_017,0.55,40.25,0,108.6,28.1,34.4,0,-34.593101,-60.944475,55.0,0.66
sana,sana,2025-06-04 03:15:00,BOV_003,0.0,38.52,1,60.0,45.5,65.1,1,-34.598025,-60.868788,0.0,0.0
sana,sana,2025-06-04 03:25:00,BOV_004,0.0,38.44,1,52.4,46.9,58.7,0,-34.586043,-60.882211,148.3,1.78
clinica,clinica,2025-06-04 04:10:00,BOV_018,0.9999,40.17,1,81.2,32.2,41.1,0,-34.551884,-60.878538,129.2,1.55
sana,sana,2025-06-04 04:40:00,BOV_006,0.0,39.26,1,58.3,40.4,53.2,0,-34.636865,-60.856124,60.8,0.73
sana,sana,2025-06-04 05:15:00,BOV_008,0.0,38.75,1,65.1,21.9,29.6,0,-34.635653,-60.894685,172.5,2.07
sana,sana,2025-06-04 05:25:00,BOV_005,0.0,38.58,1,76.7,35.8,48.2,1,-34.545074,-60.881955,142.5,1.71
clinica,clinica,2025-06-04 05:40:00,BOV_020,0.9999,40.9,0,94.8,22.8,31.3,0,-34.545968,-60.896566,11.7,0.14
